school,conference,1,2,3,4,5,6,7,8,9,10,11,12,13,14,15,16,17,18,19,20,21,median,mean,year
Akron,MAC,,,,,,,,,,,,,,,,,24.0,,,,,24.0,24.0,2013
Arizona,Pac-12,11.0,12.0,10.0,9.0,8.0,8.0,5.0,3.0,3.0,3.0,7.0,6.0,8.0,7.0,9.0,12.0,11.0,18.0,18.0,20.0,14.0,9.0,9.590909090909092,2013
Baylor,Big 12,18.0,17.0,21.0,,,,,,,,,,,,,,,,,,,18.0,18.5,2013
Butler,A-10,,,,,,,25.0,21.0,20.0,17.0,13.0,9.0,10.0,14.0,10.0,15.0,21.0,,,,,15.0,15.833333333333334,2013
Cincinnati,Big East,,24.0,20.0,16.0,12.0,12.0,11.0,8.0,15.0,20.0,24.0,20.0,23.0,17.0,,,,,,,,17.0,17.071428571428573,2013
Colorado,Pac-12,,,,19.0,,,,,,,,,,,,,,,,,,19.0,19.0,2013
Colorado State,MWC,,,,,,,,,,,,,,,24.0,21.0,,,,,,22.5,22.5,2013
Creighton,MVC,15.0,13.0,12.0,11.0,13.0,13.0,13.0,12.0,11.0,11.0,10.0,12.0,17.0,13.0,23.0,,,,24.0,21.0,21.0,13.0,14.63157894736842,2013
Duke,ACC,8.0,9.0,5.0,2.0,2.0,2.0,1.0,1.0,1.0,1.0,3.0,1.0,5.0,4.0,1.0,6.0,3.0,4.0,2.0,7.0,5.0,3.0,3.4545454545454546,2013
Florida,SEC,10.0,10.0,8.0,7.0,5.0,5.0,9.0,11.0,9.0,9.0,9.0,7.0,4.0,2.0,6.0,4.0,6.0,9.0,11.0,12.0,9.0,9.0,7.772727272727272,2013
Florida Gulf Coast,A-Sun,,,,,,,,,,,,,,,,,,,,,25.0,25.0,25.0,2013
Florida State,ACC,24.0,,,,,,,,,,,,,,,,,,,,,24.0,24.0,2013
Georgetown,Big East,,,,25.0,23.0,21.0,21.0,18.0,16.0,22.0,,,,21.0,15.0,11.0,8.0,5.0,5.0,8.0,17.0,17.0,15.8125,2013
Gonzaga,WCC,22.0,19.0,16.0,12.0,10.0,14.0,14.0,13.0,10.0,8.0,8.0,10.0,7.0,6.0,3.0,3.0,2.0,1.0,1.0,1.0,12.0,10.0,9.181818181818182,2013
Illinois,Big Ten,,,,22.0,14.0,10.0,10.0,15.0,14.0,13.0,22.0,,,,,,,,,,,14.0,14.88888888888889,2013
Indiana,Big Ten,1.0,1.0,1.0,1.0,1.0,1.0,6.0,5.0,5.0,5.0,2.0,8.0,3.0,1.0,2.0,1.0,1.0,2.0,3.0,4.0,7.0,2.0,2.863636363636364,2013
Kansas,Big 12,7.0,7.0,11.0,10.0,9.0,9.0,8.0,6.0,6.0,6.0,4.0,2.0,1.0,5.0,13.0,9.0,5.0,3.0,6.0,3.0,8.0,6.0,6.545454545454546,2013
Kansas State,Big 12,,,,,,,,,,23.0,18.0,13.0,21.0,15.0,11.0,13.0,13.0,10.0,12.0,14.0,20.0,13.5,15.115384615384617,2013
Kentucky,SEC,3.0,3.0,7.0,8.0,19.0,22.0,23.0,23.0,,,,,,,,,,,,,,13.5,13.5,2013
La Salle,A-10,,,,,,,,,,,,,,,,,,,,,24.0,24.0,24.0,2013
Louisiana Tech,WAC,,,,,,,,,,,,,,,,,,,,,,,,2013
Louisville,Big East,2.0,2.0,2.0,6.0,6.0,6.0,4.0,3.0,4.0,4.0,1.0,5.0,13.0,12.0,12.0,10.0,9.0,6.0,4.0,2.0,1.0,4.0,5.363636363636363,2013
Marquette,Big East,,,,,,,,,,,,,25.0,,20.0,20.0,22.0,17.0,13.0,16.0,11.0,18.5,18.05555555555556,2013
Memphis,CUSA,16.0,16.0,17.0,,,,,,,,,,,,25.0,19.0,17.0,20.0,17.0,15.0,18.0,17.0,17.90909090909091,2013
Miami (FL),ACC,,,,,,,,,,,,,15.0,11.0,4.0,2.0,7.0,7.0,10.0,4.0,10.0,7.0,7.7,2013
Michigan,Big Ten,5.0,5.0,4.0,3.0,3.0,3.0,2.0,2.0,2.0,2.0,5.0,3.0,2.0,3.0,5.0,7.0,4.0,8.0,8.0,11.0,2.0,3.0,4.181818181818182,2013
Michigan State,Big Ten,14.0,22.0,19.0,14.0,17.0,19.0,19.0,19.0,18.0,18.0,17.0,11.0,9.0,8.0,8.0,5.0,10.0,12.0,7.0,9.0,13.0,14.0,13.727272727272728,2013
Minnesota,Big Ten,,,,,21.0,16.0,16.0,14.0,13.0,10.0,12.0,14.0,24.0,18.0,,,,,,,,15.0,15.727272727272728,2013
Missouri,SEC,17.0,15.0,14.0,15.0,11.0,11.0,12.0,9.0,12.0,12.0,16.0,22.0,18.0,20.0,,,,,,,,14.5,14.566666666666666,2013
NC State,ACC,6.0,6.0,15.0,18.0,24.0,25.0,,25.0,25.0,21.0,15.0,18.0,19.0,,,,,,,,,18.5,18.115384615384617,2013
New Mexico,MWC,,,,23.0,20.0,20.0,17.0,,23.0,,21.0,17.0,22.0,16.0,18.0,16.0,14.0,11.0,14.0,10.0,19.0,17.5,17.558823529411764,2013
Notre Dame,Big East,23.0,21.0,,,25.0,24.0,22.0,20.0,19.0,16.0,20.0,23.0,,,21.0,25.0,20.0,24.0,,,,21.5,21.633333333333333,2013
Ohio State,Big Ten,4.0,4.0,3.0,4.0,7.0,7.0,7.0,10.0,8.0,14.0,11.0,15.0,11.0,10.0,14.0,18.0,15.0,13.0,9.0,6.0,6.0,9.0,9.318181818181818,2013
Oklahoma State,Big 12,,,22.0,17.0,22.0,23.0,24.0,22.0,21.0,,,,,24.0,16.0,14.0,18.0,14.0,15.0,19.0,,20.0,19.4,2013
Ole Miss,SEC,,,,,,,,,,,,24.0,16.0,23.0,,,,,,,,23.0,21.5,2013
Oregon,Pac-12,,,,,,,,,,,,19.0,12.0,19.0,,23.0,,25.0,,24.0,15.0,19.0,19.5,2013
Pitt,Big East,,,,,,,,24.0,22.0,,,,,25.0,17.0,22.0,,22.0,19.0,22.0,,22.0,21.666666666666668,2013
Saint Louis,A-10,,,,,,,,,,,,,,,,,19.0,15.0,16.0,13.0,16.0,16.0,15.833333333333334,2013
Saint Mary's,WCC,,,,,,,,,,,,,,,,,23.0,23.0,21.0,25.0,,23.0,23.0,2013
San Diego State,MWC,20.0,23.0,25.0,21.0,15.0,15.0,15.0,16.0,17.0,15.0,14.0,25.0,20.0,25.0,22.0,,,,,,,20.0,19.25,2013
Syracuse,Big East,9.0,8.0,6.0,5.0,4.0,4.0,3.0,7.0,7.0,7.0,6.0,4.0,6.0,9.0,7.0,8.0,12.0,16.0,20.0,18.0,3.0,7.0,8.0,2013
Texas,Big 12,24.0,25.0,,,,,,,,,,,,,,,,,,,,24.5,24.5,2013
UCLA,Pac-12,13.0,14.0,13.0,24.0,,,,,,,25.0,,,,,,,,25.0,,,19.0,19.0,2013
UConn,Big East,,,23.0,,,,,,,,,,,,,,,,,,,23.0,23.0,2013
UNC,ACC,12.0,11.0,9.0,13.0,16.0,18.0,19.0,,,,,,,,,,,,,,,13.0,13.875,2013
UNLV,MWC,19.0,18.0,18.0,20.0,18.0,17.0,18.0,17.0,24.0,19.0,23.0,,,,,,,,,,,18.0,19.08333333333333,2013
VCU,A-10,,,,,,,,,,24.0,19.0,16.0,,,,24.0,25.0,19.0,22.0,23.0,23.0,23.0,21.8,2013
Wichita State,MVC,,,,,,,,,,,,21.0,14.0,22.0,,,,,,,4.0,17.5,15.7,2013
Wisconsin,Big Ten,21.0,20.0,24.0,,,,,,,,,,,,19.0,17.0,16.0,21.0,23.0,17.0,22.0,20.5,20.045454545454547,2013
Wyoming,MWC,,,,,,,,,,25.0,,,,,,,,,,,,25.0,25.0,2013
Arizona,Pac-12,5.0,5.0,4.0,3.0,2.0,1.0,1.0,1.0,1.0,1.0,1.0,1.0,1.0,3.0,3.0,4.0,3.0,3.0,4.0,5.0,5.0,3.0,2.727272727272727,2014
Baylor,Big 12,,25.0,21.0,17.0,20.0,18.0,15.0,12.0,11.0,9.0,13.0,23.0,,,,,,,,,18.0,17.5,16.884615384615383,2014
Cincinnati,AAC,,,,,,,,,,,23.0,16.0,15.0,7.0,11.0,9.0,12.0,15.0,12.0,14.0,22.0,14.0,14.166666666666666,2014
Colorado,Pac-12,,,,,,,24.0,24.0,24.0,17.0,22.0,,,,,,,,,,,24.0,22.5,2014
Creighton,Big East,,,23.0,18.0,,,,,,23.0,19.0,24.0,20.0,12.0,17.0,12.0,10.0,13.0,14.0,16.0,20.0,17.5,17.233333333333334,2014
Dayton,A-10,,,,,,,,,,,,,,,,,,,,,19.0,19.0,19.0,2014
Duke,ACC,4.0,4.0,6.0,5.0,8.0,7.0,8.0,9.0,8.0,13.0,20.0,18.0,16.0,11.0,9.0,6.0,7.0,4.0,6.0,6.0,16.0,8.0,9.045454545454543,2014
Florida,SEC,8.0,10.0,14.0,13.0,12.0,19.0,17.0,14.0,13.0,11.0,7.0,6.0,4.0,4.0,4.0,2.0,1.0,1.0,1.0,1.0,3.0,7.0,7.818181818181818,2014
Gonzaga,WCC,14.0,15.0,12.0,10.0,15.0,16.0,15.0,21.0,21.0,18.0,23.0,21.0,24.0,20.0,24.0,22.0,,,,,,19.0,18.235294117647054,2014
Illinois,Big Ten,,,,,,,,,,,,,,,,,,,,,,,,2014
Indiana,Big Ten,24.0,23.0,22.0,25.0,23.0,,,,,,,,,,,,,,,,,23.0,23.33333333333333,2014
Iowa,Big Ten,,,25.0,23.0,24.0,22.0,,23.0,23.0,23.0,16.0,10.0,12.0,13.0,15.0,15.0,19.0,25.0,,,,22.0,19.375,2014
Iowa State,Big 12,,,,22.0,18.0,16.0,13.0,13.0,12.0,7.0,10.0,17.0,18.0,17.0,14.0,19.0,17.0,17.0,16.0,9.0,11.0,16.0,14.842105263157896,2014
Kansas,Big 12,6.0,6.0,3.0,2.0,7.0,13.0,19.0,16.0,17.0,20.0,18.0,11.0,7.0,9.0,7.0,8.0,6.0,8.0,10.0,10.0,14.0,9.0,10.272727272727272,2014
Kansas State,Big 12,,,,,,,,,,,,,,,,,,,,,,,,2014
Kentucky,SEC,1.0,1.0,5.0,4.0,4.0,10.0,21.0,18.0,16.0,16.0,12.0,14.0,11.0,14.0,13.0,16.0,15.0,24.0,,22.0,2.0,13.5,12.023809523809524,2014
Louisville,AAC,3.0,3.0,2.0,9.0,6.0,4.0,4.0,4.0,10.0,8.0,14.0,9.0,7.0,10.0,8.0,5.0,4.0,9.0,5.0,3.0,9.0,6.0,6.454545454545454,2014
Marquette,Big East,17.0,17.0,,,,,,,,,,,,,,,,,,,,17.0,17.0,2014
Memphis,AAC,13.0,13.0,11.0,19.0,15.0,15.0,14.0,17.0,18.0,22.0,17.0,22.0,22.0,,22.0,24.0,22.0,20.0,19.0,,,18.5,18.07894736842105,2014
Michigan,Big Ten,9.0,8.0,13.0,20.0,21.0,25.0,,,,,,25.0,14.0,16.0,18.0,20.0,16.0,12.0,9.0,8.0,6.0,15.0,15.0,2014
Michigan State,Big Ten,2.0,2.0,1.0,1.0,1.0,5.0,5.0,5.0,4.0,4.0,4.0,3.0,6.0,8.0,10.0,14.0,18.0,22.0,22.0,13.0,8.0,5.0,7.409090909090909,2014
Missouri,SEC,,,,,,,25.0,25.0,25.0,21.0,,,,,,,,,,,,25.0,24.2,2014
New Mexico,MWC,20.0,21.0,20.0,,,,,,,,,,,,,,,21.0,20.0,17.0,,20.0,19.857142857142858,2014
Notre Dame,ACC,22.0,22.0,,,,,,,,,,,,,,,,,,,,22.0,22.0,2014
Ohio State,Big Ten,10.0,9.0,8.0,6.0,3.0,2.0,2.0,3.0,3.0,3.0,9.0,15.0,23.0,25.0,20.0,23.0,20.0,,24.0,24.0,,9.0,12.05,2014
Oklahoma,Big 12,,,,,,,,,,,,25.0,25.0,23.0,25.0,,25.0,23.0,18.0,20.0,,24.0,23.11111111111111,2014
Oklahoma State,Big 12,12.0,12.0,9.0,8.0,11.0,9.0,7.0,7.0,6.0,12.0,8.0,13.0,10.0,19.0,,,,,,,,9.5,10.166666666666666,2014
Oregon,Pac-12,18.0,18.0,17.0,15.0,13.0,11.0,11.0,10.0,9.0,13.0,,,,,,,,,,,,13.0,13.454545454545457,2014
Pitt,ACC,,,,,,,,,,,21.0,19.0,17.0,22.0,23.0,,,,,,,21.0,20.5,2014
SMU,AAC,,,,,,,,,,,,,,,,,24.0,18.0,23.0,,,23.0,22.0,2014
Saint Louis,A-10,,,,,,,,,,,,20.0,21.0,15.0,12.0,10.0,8.0,16.0,17.0,21.0,25.0,16.5,16.5,2014
San Diego State,MWC,,,,,,24.0,23.0,20.0,19.0,15.0,11.0,7.0,5.0,5.0,5.0,7.0,13.0,10.0,7.0,11.0,12.0,11.0,12.058823529411764,2014
Stanford,Pac-12,,,,,,,,,,,,,,,,,,,,,24.0,24.0,24.0,2014
Syracuse,ACC,7.0,7.0,7.0,7.0,5.0,3.0,2.0,2.0,2.0,2.0,2.0,2.0,2.0,1.0,1.0,1.0,5.0,7.0,11.0,12.0,17.0,3.0,4.909090909090909,2014
Tennessee,SEC,,,,,,,,,,,,,,,,,,,,,23.0,23.0,23.0,2014
Texas,Big 12,,,,,,,,,,,,,,18.0,19.0,17.0,23.0,,,,,18.5,19.1,2014
UCLA,Pac-12,23.0,24.0,24.0,21.0,17.0,23.0,22.0,,,25.0,25.0,,,,,25.0,,,,23.0,15.0,23.0,22.307692307692307,2014
UConn,AAC,19.0,20.0,18.0,14.0,14.0,12.0,10.0,15.0,15.0,,,,,,,21.0,,19.0,21.0,19.0,1.0,16.5,15.633333333333333,2014
UMass,A-10,,,,,22.0,20.0,20.0,22.0,22.0,19.0,15.0,12.0,19.0,,,,,,,,,20.0,19.1,2014
UNC,ACC,11.0,11.0,19.0,16.0,25.0,21.0,18.0,19.0,19.0,,,,,,,,21.0,14.0,15.0,18.0,21.0,18.5,17.766666666666666,2014
VCU,A-10,15.0,14.0,10.0,24.0,,,,,,,,,,,,,,,25.0,25.0,,19.5,18.928571428571427,2014
Villanova,Big East,,,,,19.0,14.0,12.0,11.0,14.0,10.0,6.0,5.0,9.0,6.0,6.0,11.0,9.0,6.0,3.0,7.0,13.0,9.0,9.444444444444445,2014
Virginia,ACC,25.0,25.0,,,,,,,,,,,,21.0,16.0,13.0,11.0,5.0,8.0,4.0,10.0,12.0,13.636363636363637,2014
Wichita State,MVC,16.0,16.0,16.0,12.0,10.0,8.0,9.0,8.0,7.0,6.0,5.0,4.0,3.0,2.0,2.0,3.0,2.0,2.0,2.0,2.0,7.0,6.0,6.727272727272728,2014
Wisconsin,Big Ten,21.0,19.0,15.0,11.0,9.0,6.0,6.0,6.0,5.0,4.0,3.0,8.0,13.0,24.0,21.0,18.0,14.0,11.0,13.0,15.0,4.0,11.0,11.681818181818182,2014
Arizona,Pac-12,2.0,2.0,4.0,3.0,3.0,3.0,3.0,7.0,6.0,9.0,7.0,6.0,6.0,7.0,7.0,7.0,6.0,6.0,4.0,4.0,,6.0,5.142857142857143,2015
Arkansas,SEC,,,,21.0,,,,,25.0,19.0,,25.0,,23.0,17.0,16.0,18.0,20.0,20.0,20.0,,20.0,20.33333333333333,2015
Baylor,Big 12,,,,,,,22.0,22.0,22.0,23.0,21.0,19.0,19.0,16.0,20.0,20.0,16.0,16.0,17.0,21.0,,20.0,19.6,2015
Boise State,MWC,,,,,,,,,,,,,,,,,,,,,,,,2015
Butler,Big East,,,,,19.0,25.0,,,,,,,22.0,18.0,19.0,23.0,21.0,22.0,23.0,23.0,,22.0,21.545454545454547,2015
Colorado State,MWC,,,,,,,25.0,24.0,,,,24.0,,,,,,,,,,24.0,24.25,2015
Creighton,Big East,,,,,,,,,,,,,,,,,,,,,,,,2015
Davidson,A-10,,,,,,,,,,,,,,,,,,24.0,,,,24.0,24.0,2015
Dayton,A-10,,,,,,,,,,,22.0,,,,,,,,,,,22.0,22.0,2015
Duke,ACC,3.0,3.0,2.0,2.0,2.0,2.0,2.0,2.0,2.0,4.0,6.0,4.0,5.0,5.0,5.0,5.0,3.0,2.0,5.0,1.0,,3.0,3.238095238095238,2015
Florida,SEC,7.0,7.0,16.0,24.0,,,,,,,,,,,,,,,,,,11.5,13.1,2015
Georgetown,Big East,,,,,,,,,,,,22.0,24.0,,,,,23.0,24.0,,,23.5,23.3,2015
Gonzaga,WCC,13.0,11.0,8.0,8.0,8.0,8.0,8.0,8.0,7.0,3.0,3.0,3.0,2.0,2.0,2.0,2.0,7.0,7.0,7.0,6.0,,7.0,6.190476190476191,2015
Harvard,Ivy,,,,,,,,,,,,,,,,,,,,,,,,2015
Illinois,Big Ten,,,,25.0,25.0,,,,,,,,,,,,,,,,,25.0,25.0,2015
Indiana,Big Ten,,,,,,,,,,,23.0,21.0,25.0,,,,,,,,,23.0,23.0,2015
Iowa,Big Ten,25.0,25.0,,,,,,,,,,,,,,,,,,,,25.0,25.0,2015
Iowa State,Big 12,14.0,14.0,13.0,19.0,13.0,13.0,12.0,9.0,16.0,13.0,12.0,16.0,14.0,14.0,14.0,13.0,17.0,15.0,10.0,19.0,,14.0,14.0,2015
Kansas,Big 12,5.0,5.0,12.0,11.0,10.0,10.0,10.0,14.0,13.0,10.0,14.0,11.0,9.0,9.0,8.0,9.0,10.0,10.0,11.0,17.0,,10.0,10.38095238095238,2015
Kentucky,SEC,1.0,1.0,1.0,1.0,1.0,1.0,1.0,1.0,1.0,1.0,1.0,1.0,1.0,1.0,1.0,1.0,1.0,1.0,1.0,3.0,,1.0,1.0952380952380951,2015
Louisville,ACC,9.0,8.0,5.0,5.0,4.0,4.0,4.0,6.0,5.0,7.0,10.0,9.0,8.0,8.0,12.0,15.0,14.0,13.0,16.0,10.0,,8.0,8.571428571428571,2015
Maryland,Big Ten,,,,22.0,20.0,18.0,15.0,11.0,9.0,11.0,8.0,13.0,16.0,19.0,15.0,14.0,9.0,8.0,12.0,16.0,,14.0,13.88888888888889,2015
Miami (FL),ACC,,,20.0,15.0,22.0,19.0,,,,,,23.0,,,,,,,,,,20.0,19.83333333333333,2015
Michigan,Big Ten,23.0,22.0,18.0,16.0,,,,,,,,,,,,,,,,,,20.0,19.8,2015
Michigan State,Big Ten,18.0,19.0,19.0,18.0,23.0,22.0,,,,,,,,,,25.0,,,22.0,7.0,,19.0,19.2,2015
Murray State,OVC,,,,,,,,,,,,,,,,,24.0,,,,,24.0,24.0,2015
NC State,ACC,,,,,,,,,,,,,,,,,,,,24.0,,24.0,24.0,2015
Nebraska,Big Ten,21.0,21.0,,,,,,,,,,,,,,,,,,,,21.0,21.0,2015
Northern Iowa,MVC,,,,,24.0,,24.0,23.0,23.0,22.0,19.0,18.0,15.0,12.0,11.0,10.0,12.0,11.0,9.0,14.0,,15.0,16.375,2015
Notre Dame,ACC,,,,,,21.0,16.0,13.0,12.0,12.0,9.0,8.0,10.0,11.0,10.0,8.0,11.0,9.0,8.0,5.0,,10.0,10.8125,2015
Ohio State,Big Ten,20.0,20.0,17.0,13.0,12.0,12.0,18.0,18.0,20.0,25.0,,,20.0,21.0,23.0,,25.0,,,,,20.0,18.933333333333334,2015
Oklahoma,Big 12,19.0,18.0,21.0,20.0,15.0,15.0,20.0,21.0,18.0,18.0,20.0,,21.0,17.0,17.0,17.0,15.0,14.0,15.0,13.0,,18.0,17.6,2015
Oklahoma State,Big 12,,,,,,,,,,24.0,,,,24.0,24.0,,,,,,,24.0,24.0,2015
Old Dominion,CUSA,,,,,,,,,,,,,,,,,,,,,,,,2015
Oregon,Pac-12,,,,,,,,,,,,,,,,,,,25.0,25.0,,25.0,25.0,2015
Providence,Big East,,,25.0,,,,,,,,,,,,,,23.0,,,,,24.0,24.0,2015
SMU,AAC,22.0,23.0,,,,,,,,,,,23.0,25.0,21.0,21.0,22.0,21.0,19.0,,,22.0,21.9,2015
San Diego State,MWC,17.0,16.0,15.0,14.0,16.0,17.0,23.0,25.0,,,,,,,25.0,22.0,,25.0,,,,17.0,19.33333333333333,2015
Seton Hall,Big East,,,,,,,,,19.0,21.0,24.0,,,,,,,,,,,21.0,21.25,2015
St. John's (NY),Big East,,,,,,23.0,19.0,17.0,24.0,,,,,,,,,,,,,21.0,20.8,2015
Stanford,Pac-12,,,,,,,,,,,25.0,,,,,,,,,,,25.0,25.0,2015
Syracuse,ACC,24.0,24.0,,,,,,,,,,,,,,,,,,,,24.0,24.0,2015
TCU,Big 12,,,,,,,,,,,,,,,,,,,,,,,,2015
Texas,Big 12,10.0,10.0,9.0,7.0,9.0,9.0,9.0,10.0,10.0,20.0,18.0,20.0,,,,,,,,,,10.0,11.615384615384617,2015
UCLA,Pac-12,,,23.0,,,,,,,,,,,,,,,,,,,23.0,23.0,2015
UConn,AAC,15.0,17.0,22.0,23.0,,,,,,,,,,,,,,,,,,19.5,19.3,2015
UNC,ACC,6.0,6.0,6.0,12.0,18.0,24.0,21.0,20.0,17.0,16.0,15.0,14.0,13.0,15.0,16.0,18.0,19.0,19.0,14.0,12.0,,15.5,15.071428571428571,2015
Utah,Pac-12,,,,,14.0,14.0,14.0,12.0,11.0,8.0,11.0,10.0,11.0,10.0,9.0,12.0,13.0,17.0,18.0,15.0,,12.0,12.411764705882351,2015
VCU,A-10,16.0,15.0,14.0,,,,,,21.0,17.0,16.0,15.0,18.0,22.0,,24.0,,,,,,16.5,17.681818181818183,2015
Villanova,Big East,12.0,12.0,11.0,9.0,7.0,7.0,7.0,5.0,8.0,5.0,4.0,7.0,7.0,6.0,6.0,6.0,4.0,3.0,2.0,9.0,,7.0,6.857142857142857,2015
Virginia,ACC,8.0,9.0,7.0,6.0,5.0,5.0,5.0,3.0,3.0,2.0,2.0,2.0,3.0,3.0,3.0,3.0,2.0,4.0,6.0,8.0,,3.5,4.404761904761905,2015
Washington,Pac-12,,,,,17.0,16.0,13.0,19.0,,,,,,,,,,,,,,16.5,16.3,2015
West Virginia,Big 12,,,24.0,17.0,21.0,20.0,17.0,15.0,14.0,15.0,17.0,17.0,12.0,20.0,22.0,19.0,20.0,18.0,21.0,18.0,,18.0,18.157894736842103,2015
Wichita State,MVC,11.0,13.0,10.0,10.0,11.0,11.0,11.0,16.0,15.0,14.0,13.0,12.0,17.0,13.0,13.0,11.0,8.0,12.0,13.0,11.0,,12.0,12.238095238095235,2015
Wisconsin,Big Ten,4.0,4.0,3.0,4.0,6.0,6.0,6.0,4.0,4.0,6.0,5.0,5.0,4.0,4.0,4.0,4.0,5.0,5.0,3.0,2.0,,4.0,4.380952380952381,2015
Wyoming,MWC,,,,,,,,,,,,,,,,,,,,,,,,2015
Xavier,Big East,,,,,,,,,,,,,,,,,,,,22.0,,22.0,22.0,2015
Arizona,Pac-12,10.0,10.0,10.0,14.0,12.0,12.0,8.0,7.0,6.0,16.0,11.0,15.0,20.0,14.0,12.0,10.0,16.0,13.0,16.0,22.0,,12.0,12.666666666666666,2016
Baylor,Big 12,21.0,21.0,25.0,23.0,15.0,14.0,22.0,21.0,25.0,22.0,15.0,18.0,13.0,19.0,22.0,16.0,17.0,20.0,18.0,24.0,,20.5,19.59523809523809,2016
Butler,Big East,22.0,20.0,,25.0,21.0,18.0,12.0,10.0,19.0,23.0,24.0,,,,,,,,,,,20.5,19.5,2016
California,Pac-12,14.0,14.0,13.0,,,,,,,,,,,,,,25.0,24.0,23.0,,,18.5,18.785714285714285,2016
Cincinnati,AAC,,,24.0,17.0,22.0,20.0,21.0,23.0,,,,,,,,,,,,,,21.5,21.214285714285715,2016
Dayton,A-10,,,,,,,,,,,,,24.0,17.0,13.0,22.0,,,,,,19.5,19.1,2016
Duke,ACC,4.0,4.0,3.0,5.0,5.0,6.0,10.0,12.0,10.0,6.0,12.0,20.0,,,19.0,18.0,21.0,21.0,20.0,18.0,,11.0,11.842105263157896,2016
George Washington,A-10,,,,,,22.0,20.0,,,,,,,,,,,,,,,21.0,21.0,2016
Gonzaga,WCC,11.0,12.0,11.0,12.0,17.0,21.0,24.0,24.0,22.0,21.0,,,,,,,,,,21.0,,21.0,18.08333333333333,2016
Indiana,Big Ten,15.0,15.0,14.0,,,,,,,25.0,23.0,17.0,21.0,22.0,21.0,15.0,11.0,10.0,12.0,9.0,,15.0,16.333333333333332,2016
Iowa,Big Ten,,,,,,,,,23.0,19.0,9.0,4.0,7.0,5.0,6.0,8.0,15.0,18.0,24.0,25.0,,12.0,13.461538461538462,2016
Iowa State,Big 12,7.0,7.0,5.0,4.0,2.0,2.0,9.0,9.0,14.0,18.0,21.0,16.0,14.0,15.0,15.0,17.0,20.0,19.0,19.0,15.0,,14.5,12.5,2016
Kansas,Big 12,5.0,5.0,7.0,6.0,7.0,5.0,3.0,3.0,2.0,1.0,3.0,3.0,6.0,6.0,2.0,2.0,1.0,1.0,1.0,3.0,,3.0,3.571428571428572,2016
Kentucky,SEC,1.0,1.0,1.0,1.0,4.0,4.0,11.0,11.0,8.0,13.0,19.0,19.0,19.0,21.0,14.0,14.0,19.0,16.0,13.0,16.0,,13.0,11.333333333333334,2016
LSU,SEC,19.0,19.0,17.0,,,,,,,,,,,,,,,,,,,19.0,18.5,2016
Louisville,ACC,,,,22.0,19.0,17.0,15.0,18.0,16.0,20.0,16.0,14.0,18.0,,,,,,,,,17.5,17.5,2016
Maryland,Big Ten,3.0,3.0,2.0,2.0,9.0,7.0,4.0,4.0,3.0,3.0,5.0,7.0,3.0,2.0,5.0,9.0,12.0,15.0,17.0,13.0,,4.5,6.309523809523809,2016
Miami (FL),ACC,,,19.0,21.0,20.0,19.0,16.0,15.0,11.0,9.0,14.0,13.0,15.0,11.0,10.0,11.0,7.0,11.0,11.0,8.0,,12.0,13.31578947368421,2016
Michigan,Big Ten,,25.0,,,,,,,,,,,,,,,,,,,,25.0,25.0,2016
Michigan State,Big Ten,13.0,13.0,4.0,3.0,1.0,1.0,1.0,1.0,5.0,4.0,10.0,11.0,10.0,9.0,9.0,7.0,3.0,3.0,2.0,7.0,,4.5,5.785714285714286,2016
Notre Dame,ACC,18.0,18.0,18.0,,,,,,,,,,,,18.0,20.0,,,,17.0,,18.0,18.142857142857142,2016
Oklahoma,Big 12,8.0,8.0,6.0,8.0,8.0,3.0,2.0,2.0,1.0,2.0,1.0,2.0,2.0,3.0,3.0,4.0,6.0,6.0,7.0,4.0,,3.5,4.261904761904762,2016
Oregon,Pac-12,,,23.0,16.0,23.0,,,,,,,24.0,17.0,12.0,17.0,13.0,10.0,9.0,4.0,6.0,,14.5,14.5,2016
Pitt,ACC,,,,,,,,25.0,21.0,17.0,20.0,23.0,,,,,,,,,,21.0,21.166666666666668,2016
Providence,Big East,,,,24.0,18.0,14.0,14.0,13.0,9.0,12.0,17.0,10.0,11.0,18.0,20.0,24.0,,,,,,14.0,15.571428571428571,2016
Purdue,Big Ten,24.0,23.0,15.0,11.0,11.0,8.0,13.0,14.0,18.0,24.0,22.0,21.0,16.0,16.0,16.0,19.0,13.0,13.0,10.0,19.0,,16.0,16.285714285714285,2016
SMU,AAC,,,,,,,,,,,,,,,,,,,,,,,,2016
Saint Mary's,WCC,,,,,,,,,,,,,25.0,,,,24.0,23.0,,,,24.0,24.0,2016
Seton Hall,Big East,,,,,,,,,,,,,,,,,,,21.0,,,21.0,21.0,2016
South Carolina,SEC,,,,,,25.0,23.0,20.0,20.0,15.0,18.0,22.0,23.0,20.0,23.0,,,,,,,21.0,20.90909090909091,2016
St. Joseph's,A-10,,,,,,,,,,,,,,,,,,,25.0,,,25.0,25.0,2016
Syracuse,ACC,,,,19.0,,,,,,,,,,,,,,,,10.0,,14.5,14.5,2016
Texas,Big 12,,,,,,,,,,,,,,25.0,25.0,25.0,22.0,22.0,22.0,,,23.5,23.5,2016
Texas A&M,SEC,,,,20.0,25.0,24.0,19.0,19.0,17.0,14.0,8.0,5.0,8.0,13.0,24.0,21.0,18.0,17.0,15.0,12.0,,17.0,16.444444444444443,2016
UCLA,Pac-12,,,,,,,,,,,,,,,,,,,,,,,,2016
UConn,AAC,24.0,24.0,21.0,,,,,,24.0,,,,,,,,,,,,,24.0,23.4,2016
UNC,ACC,1.0,1.0,8.0,9.0,3.0,11.0,7.0,8.0,7.0,5.0,2.0,1.0,1.0,8.0,4.0,6.0,8.0,7.0,3.0,2.0,,5.5,5.119047619047619,2016
USC,Pac-12,,,,,,,,,,,25.0,,,23.0,,,,,,,,24.0,24.0,2016
Utah,Pac-12,16.0,16.0,,,24.0,,,22.0,,,,,,,,23.0,13.0,12.0,13.0,20.0,,16.0,17.5,2016
Vanderbilt,SEC,20.0,17.0,16.0,13.0,16.0,23.0,25.0,,,,,,,,,,,,,,,17.0,18.375,2016
Villanova,Big East,9.0,8.0,9.0,7.0,6.0,13.0,17.0,16.0,13.0,7.0,4.0,6.0,4.0,1.0,1.0,1.0,2.0,2.0,6.0,1.0,,6.0,6.619047619047619,2016
Virginia,ACC,6.0,6.0,12.0,10.0,10.0,9.0,5.0,5.0,4.0,11.0,13.0,12.0,9.0,7.0,8.0,3.0,4.0,4.0,5.0,5.0,,6.5,7.357142857142857,2016
West Virginia,Big 12,23.0,22.0,22.0,15.0,14.0,16.0,18.0,17.0,15.0,10.0,7.0,9.0,12.0,10.0,11.0,12.0,9.0,8.0,8.0,14.0,,13.0,13.571428571428571,2016
Wichita State,MVC,12.0,11.0,20.0,,,,,,,,,25.0,22.0,24.0,,,23.0,,,,,22.0,19.875,2016
Wisconsin,Big Ten,17.0,,,,,,,,,,,,,,,,,25.0,,23.0,,23.0,22.0,2016
Xavier,Big East,,,,18.0,13.0,10.0,6.0,6.0,12.0,8.0,6.0,8.0,5.0,4.0,7.0,5.0,5.0,5.0,9.0,10.0,,7.0,8.0,2016
Arizona,Pac-12,11.0,9.0,9.0,15.0,20.0,19.0,18.0,18.0,17.0,16.0,13.0,9.0,5.0,10.0,6.0,4.0,8.0,7.0,4.0,7.0,,9.5,11.166666666666666,2017
Baylor,Big 12,,,,11.0,6.0,5.0,6.0,4.0,3.0,1.0,6.0,5.0,3.0,8.0,4.0,9.0,11.0,10.0,11.0,12.0,,6.0,6.722222222222222,2017
Butler,Big East,,,,18.0,15.0,18.0,13.0,13.0,18.0,13.0,14.0,11.0,15.0,21.0,25.0,22.0,15.0,20.0,24.0,19.0,,18.0,17.333333333333332,2017
California,Pac-12,,,,,,,,,,,,,,,,,,,,,,,,2017
Cincinnati,AAC,25.0,25.0,,,23.0,24.0,23.0,23.0,22.0,22.0,20.0,19.0,14.0,11.0,17.0,16.0,20.0,18.0,16.0,22.0,,21.0,20.05263157894737,2017
Creighton,Big East,23.0,20.0,18.0,12.0,10.0,10.0,9.0,9.0,10.0,8.0,7.0,16.0,22.0,23.0,22.0,23.0,,,,,,14.0,15.058823529411764,2017
Duke,ACC,1.0,1.0,3.0,4.0,4.0,4.0,4.0,5.0,8.0,7.0,18.0,17.0,21.0,19.0,14.0,11.0,14.0,14.0,7.0,13.0,,7.5,9.357142857142858,2017
Florida,SEC,,,,,21.0,,,,24.0,23.0,21.0,25.0,23.0,17.0,13.0,12.0,12.0,13.0,17.0,10.0,,17.0,17.714285714285715,2017
Florida State,ACC,,,,,,23.0,22.0,20.0,13.0,10.0,12.0,8.0,16.0,15.0,18.0,20.0,17.0,17.0,18.0,24.0,,17.0,16.875,2017
Gonzaga,WCC,13.0,14.0,11.0,8.0,8.0,8.0,7.0,6.0,4.0,5.0,4.0,3.0,1.0,1.0,1.0,1.0,4.0,4.0,2.0,2.0,,4.0,5.285714285714286,2017
Indiana,Big Ten,12.0,5.0,5.0,10.0,9.0,9.0,16.0,16.0,25.0,,,,,,,,,,,,,10.0,11.7,2017
Iowa State,Big 12,,23.0,22.0,21.0,25.0,,,,,,,,,,,,24.0,24.0,20.0,25.0,,23.5,23.05555555555556,2017
Kansas,Big 12,2.0,8.0,6.0,5.0,3.0,3.0,3.0,3.0,2.0,2.0,1.0,1.0,2.0,3.0,3.0,3.0,1.0,1.0,2.0,4.0,,3.0,2.9047619047619047,2017
Kansas State,Big 12,,,,,,,,,,,,,,,,,,,,,,,,2017
Kentucky,SEC,4.0,2.0,1.0,1.0,7.0,7.0,5.0,8.0,6.0,6.0,5.0,4.0,6.0,12.0,11.0,10.0,9.0,8.0,5.0,5.0,,6.0,6.095238095238095,2017
Louisville,ACC,14.0,12.0,10.0,14.0,13.0,11.0,11.0,7.0,9.0,15.0,11.0,14.0,7.0,4.0,7.0,6.0,7.0,9.0,10.0,14.0,,10.5,10.261904761904765,2017
Maryland,Big Ten,21.0,24.0,23.0,22.0,,,,,,,25.0,23.0,17.0,22.0,24.0,24.0,,,,,,23.0,22.545454545454547,2017
Miami (FL),ACC,,,,,,,,,,,,,,,,,25.0,,,,,25.0,25.0,2017
Michigan,Big Ten,,,24.0,,,,,,,,,,,,,,,,,17.0,,20.5,20.5,2017
Michigan State,Big Ten,9.0,13.0,20.0,,,,,,,,,,,,,,,,,,,13.0,13.75,2017
Middle Tennessee,CUSA,,,,,,,,,,,,,,,,,,25.0,25.0,,,25.0,25.0,2017
Minnesota,Big Ten,,,,,,,,,,24.0,,,,,,,,,,,,24.0,24.0,2017
Northwestern,Big Ten,,,,,,,,,,,,,,,,,,,,,,,,2017
Notre Dame,ACC,,,,,22.0,21.0,24.0,24.0,21.0,20.0,15.0,12.0,18.0,24.0,20.0,17.0,13.0,16.0,14.0,20.0,,20.0,18.88235294117647,2017
Oregon,Pac-12,5.0,4.0,12.0,20.0,24.0,22.0,21.0,21.0,14.0,11.0,10.0,10.0,13.0,6.0,8.0,7.0,6.0,5.0,9.0,3.0,,10.0,11.476190476190476,2017
Purdue,Big Ten,15.0,15.0,19.0,16.0,19.0,16.0,15.0,15.0,20.0,19.0,22.0,20.0,24.0,18.0,16.0,14.0,16.0,12.0,15.0,15.0,,16.0,17.0,2017
Rhode Island,A-10,24.0,22.0,25.0,25.0,,,,,,,,,,,,,,,,,,24.5,24.1,2017
SMU,AAC,,,,,,,,,,,,,,,23.0,21.0,19.0,15.0,13.0,23.0,,20.0,19.142857142857142,2017
Saint Mary's,WCC,19.0,17.0,15.0,13.0,11.0,20.0,19.0,19.0,19.0,21.0,23.0,21.0,19.0,20.0,21.0,18.0,18.0,19.0,21.0,,,19.0,18.6,2017
South Carolina,SEC,,,,23.0,18.0,15.0,20.0,25.0,,,24.0,24.0,20.0,16.0,19.0,,,,,6.0,,20.0,19.166666666666668,2017
Syracuse,ACC,17.0,18.0,16.0,24.0,,,,,,,,,,,,,,,,,,17.5,18.5,2017
Texas,Big 12,22.0,21.0,21.0,,,,,,,,,,,,,,,,,,,21.0,21.25,2017
UCLA,Pac-12,20.0,16.0,13.0,9.0,2.0,2.0,2.0,2.0,5.0,4.0,3.0,7.0,8.0,9.0,5.0,5.0,2.0,2.0,6.0,9.0,,5.0,6.476190476190476,2017
UConn,AAC,16.0,,,,,,,,,,,,,,,,,,,,,16.0,16.0,2017
UNC,ACC,6.0,6.0,4.0,3.0,5.0,6.0,8.0,10.0,16.0,12.0,9.0,6.0,10.0,7.0,9.0,8.0,5.0,6.0,8.0,1.0,,6.5,7.214285714285714,2017
USC,Pac-12,,,,,,25.0,25.0,22.0,,25.0,,,,,,,,,,,,25.0,24.4,2017
Villanova,Big East,3.0,3.0,2.0,2.0,1.0,1.0,1.0,1.0,1.0,3.0,2.0,2.0,4.0,2.0,2.0,2.0,2.0,2.0,1.0,8.0,,2.0,2.238095238095238,2017
Virginia,ACC,7.0,7.0,6.0,6.0,12.0,12.0,10.0,11.0,12.0,18.0,16.0,13.0,11.0,13.0,15.0,19.0,23.0,21.0,23.0,,,12.0,13.35,2017
Virginia Tech,ACC,,,,,,,,,23.0,,,,,,,,,,,,,23.0,23.0,2017
West Virginia,Big 12,18.0,19.0,17.0,19.0,16.0,13.0,12.0,12.0,7.0,9.0,8.0,18.0,12.0,14.0,12.0,13.0,10.0,11.0,12.0,11.0,,12.0,13.095238095238097,2017
Wichita State,MVC,,,,,,,,,,,,,,,,25.0,22.0,22.0,19.0,21.0,,22.0,21.83333333333333,2017
Wisconsin,Big Ten,10.0,11.0,14.0,17.0,17.0,14.0,14.0,14.0,11.0,17.0,17.0,15.0,9.0,5.0,10.0,15.0,21.0,23.0,22.0,16.0,,14.5,14.595238095238097,2017
Xavier,Big East,8.0,10.0,8.0,7.0,14.0,17.0,17.0,17.0,15.0,14.0,19.0,22.0,25.0,25.0,,,,,,18.0,,17.0,15.8125,2017
Alabama,SEC,25.0,,,,,,,,,,,,,,,,,,,,,25.0,25.0,2018
Arizona,Pac-12,5.0,,4.0,,,23.0,19.0,18.0,16.0,21.0,17.0,12.0,9.0,13.0,19.0,14.0,22.0,17.0,,,,17.0,15.375,2018
Arizona State,Pac-12,,,,21.0,17.0,6.0,4.0,4.0,6.0,11.0,14.0,20.0,23.0,,22.0,25.0,,,,,,15.5,14.5,2018
Arkansas,SEC,,,,,,,,,23.0,,,,,,,,,,,,,23.0,23.0,2018
Auburn,SEC,,,,,,,,,,24.0,20.0,19.0,13.0,9.0,11.0,13.0,15.0,15.0,23.0,,,15.0,16.09090909090909,2018
Baylor,Big 12,24.0,,24.0,16.0,22.0,21.0,18.0,17.0,,,,,,,,,,,,,,21.0,20.375,2018
Cincinnati,AAC,13.0,,13.0,9.0,17.0,,23.0,22.0,20.0,13.0,11.0,8.0,8.0,6.0,5.0,11.0,10.0,8.0,12.0,,,11.0,12.22222222222222,2018
Clemson,ACC,,,,,,,,,25.0,17.0,18.0,17.0,20.0,15.0,12.0,17.0,18.0,20.0,15.0,,,17.0,17.583333333333332,2018
Creighton,Big East,,,,23.0,,25.0,24.0,23.0,24.0,22.0,,,,,25.0,,24.0,,,,,24.0,23.77777777777778,2018
Duke,ACC,1.0,,1.0,1.0,1.0,4.0,3.0,3.0,2.0,6.0,5.0,4.0,5.0,8.0,10.0,5.0,3.0,4.0,4.0,,,4.0,3.8947368421052633,2018
Florida,SEC,7.0,,7.0,6.0,5.0,22.0,,,,,,22.0,24.0,,,,,23.0,,,,14.5,14.5,2018
Florida State,ACC,,,,,,19.0,25.0,25.0,,,,,,,,,,,18.0,,,22.0,21.8,2018
Gonzaga,WCC,19.0,,17.0,14.0,13.0,13.0,15.0,19.0,19.0,14.0,13.0,15.0,12.0,11.0,8.0,6.0,7.0,6.0,10.0,,,13.0,12.842105263157896,2018
Houston,AAC,,,,,,,,,,,,,,,,23.0,,21.0,22.0,,,22.0,22.0,2018
Kansas,Big 12,3.0,,2.0,2.0,2.0,12.0,13.0,11.0,10.0,12.0,10.0,5.0,7.0,10.0,13.0,8.0,6.0,9.0,3.0,,,8.5,7.7105263157894735,2018
Kansas State,Big 12,,,,,,,,,,,,,,,,,,,19.0,,,19.0,19.0,2018
Kentucky,SEC,4.0,,8.0,7.0,7.0,5.0,6.0,15.0,14.0,20.0,16.0,,22.0,24.0,,,25.0,,17.0,,,14.5,13.633333333333333,2018
Louisville,ACC,16.0,,18.0,17.0,,,,,,,,,,,,,,,,,,17.0,17.0,2018
Loyola (IL),MVC,,,,,,,,,,,,,,,,,,,7.0,,,7.0,7.0,2018
Miami (FL),ACC,12.0,,11.0,13.0,11.0,8.0,7.0,16.0,17.0,19.0,23.0,24.0,,25.0,,,,25.0,,,,16.0,16.214285714285715,2018
Michigan,Big Ten,,,,,,,,,,,24.0,25.0,25.0,20.0,21.0,16.0,13.0,7.0,2.0,,,20.0,17.3,2018
Michigan State,Big Ten,2.0,,5.0,3.0,3.0,2.0,2.0,2.0,1.0,4.0,9.0,6.0,4.0,4.0,1.0,1.0,2.0,5.0,11.0,,,3.0,3.684210526315789,2018
Middle Tennessee,CUSA,,,,,,,,,,,,,,,,24.0,23.0,,,,,23.5,23.5,2018
Minnesota,Big Ten,15.0,,15.0,12.0,15.0,,,,,,,,,,,,,,,,,15.0,14.4,2018
Nevada,MWC,,,,,24.0,,,,,,,,,23.0,24.0,22.0,21.0,22.0,20.0,,,22.0,22.25,2018
Northwestern,Big Ten,20.0,,,,,,,,,,,,,,,,,,,,,20.0,20.0,2018
Notre Dame,ACC,14.0,,12.0,5.0,8.0,18.0,,,,25.0,,,,,,,,,,,,13.0,13.571428571428571,2018
Ohio State,Big Ten,,,,,,,,,,,22.0,13.0,18.0,16.0,9.0,15.0,14.0,16.0,21.0,,,16.0,16.0,2018
Oklahoma,Big 12,,,,,,24.0,17.0,12.0,7.0,9.0,6.0,11.0,15.0,18.0,23.0,,,,,,,13.5,14.136363636363637,2018
Purdue,Big Ten,21.0,,16.0,,21.0,17.0,16.0,13.0,12.0,7.0,3.0,3.0,3.0,3.0,7.0,9.0,8.0,10.0,9.0,,,9.0,10.38888888888889,2018
Rhode Island,A-10,,,,,,,,,,,,23.0,21.0,19.0,14.0,18.0,16.0,24.0,,,,19.0,19.25,2018
Saint Mary's,WCC,22.0,,21.0,,,,,,,,,18.0,14.0,12.0,15.0,20.0,20.0,19.0,,,,19.0,18.0,2018
Seton Hall,Big East,23.0,,22.0,24.0,19.0,15.0,22.0,24.0,21.0,15.0,19.0,,,,,,,,,,,21.5,20.5,2018
TCU,Big 12,,,,,20.0,14.0,12.0,8.0,15.0,16.0,25.0,,,,,,,,,,,15.0,15.625,2018
Tennessee,SEC,,,,,,20.0,20.0,20.0,22.0,23.0,21.0,21.0,19.0,14.0,17.0,19.0,17.0,12.0,16.0,,,19.5,18.7,2018
Texas A&M,SEC,,,19.0,10.0,9.0,10.0,9.0,6.0,13.0,,,,,,,,,,24.0,,,10.0,12.22222222222222,2018
Texas Tech,Big 12,,,,22.0,,,21.0,21.0,18.0,8.0,8.0,14.0,10.0,7.0,6.0,7.0,12.0,13.0,6.0,,,11.0,12.266666666666667,2018
UCLA,Pac-12,18.0,,23.0,25.0,23.0,,,,,,,,,,,,,,,,,23.0,22.4,2018
UNC,ACC,9.0,,9.0,11.0,10.0,7.0,4.0,14.0,11.0,18.0,14.0,10.0,17.0,22.0,16.0,10.0,9.0,11.0,14.0,,,11.0,11.947368421052632,2018
USC,Pac-12,11.0,,10.0,18.0,25.0,,,,,,,,,,,,,,,,,14.5,15.7,2018
Villanova,Big East,6.0,,3.0,4.0,4.0,1.0,1.0,1.0,3.0,1.0,1.0,1.0,1.0,1.0,2.0,3.0,5.0,3.0,1.0,,,1.5,2.289473684210526,2018
Virginia,ACC,,,25.0,15.0,12.0,16.0,14.0,9.0,8.0,3.0,2.0,2.0,2.0,2.0,3.0,2.0,1.0,1.0,5.0,,,3.0,6.944444444444445,2018
West Virginia,Big 12,10.0,,20.0,19.0,16.0,11.0,10.0,7.0,5.0,2.0,7.0,7.0,11.0,17.0,20.0,21.0,19.0,18.0,13.0,,,12.0,12.894736842105264,2018
Wichita State,AAC,8.0,,6.0,8.0,6.0,3.0,11.0,10.0,9.0,5.0,4.0,16.0,16.0,21.0,18.0,12.0,11.0,14.0,25.0,,,10.5,11.236842105263158,2018
Xavier,Big East,17.0,,14.0,20.0,14.0,9.0,8.0,5.0,4.0,10.0,12.0,9.0,6.0,5.0,4.0,4.0,4.0,2.0,8.0,,,8.0,8.578947368421053,2018
Arizona State,Pac-12,,,,,20.0,20.0,19.0,17.0,,,,,,,,,,,,,,19.5,19.1,2019
Auburn,SEC,12.0,,9.0,10.0,9.0,8.0,7.0,11.0,13.0,10.0,12.0,15.0,,,,,,,24.0,18.0,,11.0,12.071428571428571,2019
Buffalo,MAC,,,25.0,20.0,18.0,15.0,15.0,22.0,20.0,20.0,17.0,14.0,17.0,25.0,24.0,24.0,23.0,20.0,16.0,16.0,,20.0,19.526315789473685,2019
Cincinnati,AAC,,,,,,,,,,,,,,23.0,,25.0,22.0,19.0,23.0,24.0,,23.0,22.714285714285715,2019
Clemson,ACC,23.0,,16.0,24.0,,,,,,,,,,,,,,,,,,23.0,21.5,2019
Duke,ACC,3.0,,1.0,3.0,3.0,2.0,2.0,2.0,1.0,2.0,2.0,2.0,2.0,2.0,2.0,1.0,2.0,4.0,5.0,1.0,,2.0,2.2,2019
Florida State,ACC,15.0,,13.0,14.0,11.0,10.0,12.0,9.0,9.0,13.0,11.0,23.0,,24.0,19.0,17.0,17.0,13.0,13.0,11.0,,13.0,14.052631578947368,2019
Furman,Southern,,,,,,,25.0,,,,,,,,,,,,,,,25.0,25.0,2019
Gonzaga,WCC,4.0,,3.0,1.0,1.0,6.0,9.0,8.0,8.0,6.0,5.0,4.0,4.0,4.0,3.0,2.0,1.0,1.0,1.0,3.0,,4.0,3.9,2019
Houston,AAC,,,,,,22.0,20.0,19.0,17.0,15.0,17.0,17.0,13.0,12.0,9.0,8.0,6.0,12.0,10.0,9.0,,13.0,13.6875,2019
Indiana,Big Ten,,,,,,,,25.0,22.0,24.0,25.0,,,,,,,,,,,24.5,24.1,2019
Iowa,Big Ten,,,22.0,15.0,19.0,21.0,21.0,21.0,20.0,25.0,24.0,21.0,25.0,20.0,17.0,19.0,21.0,,,,,21.0,20.75,2019
Iowa State,Big 12,,,,,,,,,,21.0,,25.0,20.0,16.0,22.0,20.0,,25.0,,23.0,,21.5,21.5,2019
Kansas,Big 12,1.0,,2.0,2.0,2.0,1.0,1.0,5.0,6.0,9.0,8.0,10.0,12.0,14.0,14.0,12.0,16.0,14.0,18.0,17.0,,9.0,8.65,2019
Kansas State,Big 12,11.0,,12.0,10.0,15.0,24.0,,,,,,,,,18.0,21.0,15.0,17.0,14.0,14.0,,15.0,15.5,2019
Kentucky,SEC,2.0,,10.0,9.0,8.0,18.0,18.0,15.0,14.0,18.0,14.0,9.0,6.0,5.0,5.0,4.0,4.0,6.0,4.0,7.0,,8.0,9.2,2019
LSU,SEC,,,21.0,,,,,,,,,,19.0,22.0,21.0,15.0,14.0,10.0,9.0,12.0,,15.0,15.8,2019
Louisville,ACC,,,,,,,,,,,,24.0,16.0,17.0,20.0,22.0,24.0,,,,,21.0,20.571428571428573,2019
Marquette,Big East,,,,,,,23.0,20.0,18.0,19.0,13.0,11.0,9.0,9.0,10.0,10.0,9.0,15.0,22.0,25.0,,14.0,15.133333333333333,2019
Maryland,Big Ten,,,,,23.0,23.0,24.0,,,,22.0,16.0,24.0,,25.0,25.0,20.0,24.0,21.0,,,23.0,22.5,2019
Michigan,Big Ten,18.0,,8.0,5.0,5.0,5.0,5.0,4.0,4.0,4.0,4.0,6.0,5.0,7.0,7.0,7.0,10.0,7.0,11.0,8.0,,6.0,6.8,2019
Michigan State,Big Ten,10.0,,11.0,8.0,10.0,9.0,8.0,7.0,7.0,5.0,6.0,5.0,8.0,11.0,12.0,11.0,8.0,11.0,7.0,6.0,,8.0,8.4,2019
Mississippi State,SEC,19.0,,15.0,25.0,22.0,17.0,16.0,17.0,16.0,14.0,23.0,22.0,21.0,21.0,,,,,,,,19.0,19.071428571428573,2019
NC State,ACC,,,,,,,,24.0,19.0,16.0,16.0,19.0,22.0,,,,,,,,,19.0,19.285714285714285,2019
Nebraska,Big Ten,25.0,,24.0,,25.0,25.0,22.0,23.0,23.0,,,,,,,,,,,,,24.0,23.875,2019
Nevada,MWC,9.0,,7.0,6.0,6.0,7.0,6.0,6.0,5.0,11.0,10.0,7.0,7.0,6.0,6.0,6.0,13.0,18.0,17.0,20.0,,7.0,9.0,2019
Ohio State,Big Ten,,,23.0,16.0,17.0,14.0,14.0,11.0,12.0,17.0,,,,,,,,,,,,15.0,15.444444444444445,2019
Oklahoma,Big 12,,,,,,,,,25.0,22.0,19.0,,,,,,,,,,,22.0,22.0,2019
Ole Miss,SEC,,,,,,,,,,,20.0,20.0,,,,,,,,,,20.0,20.0,2019
Oregon,Pac-12,16.0,,20.0,21.0,,,,,,,,,,,,,,,,,,20.0,19.25,2019
Purdue,Big Ten,22.0,,19.0,18.0,24.0,,,,,,,,18.0,15.0,11.0,13.0,12.0,9.0,12.0,13.0,,14.0,15.384615384615383,2019
St. John's (NY),Big East,,,,,,,,,,23.0,,,,,,,,,,,,23.0,23.0,2019
Syracuse,ACC,14.0,,,,,,,,,,,,,,,,,,,,,14.0,14.0,2019
TCU,Big 12,21.0,,18.0,,,,,,,,,,,,,,,,,,,19.5,19.5,2019
Tennessee,SEC,6.0,,5.0,7.0,7.0,4.0,4.0,3.0,3.0,3.0,3.0,1.0,1.0,1.0,1.0,5.0,7.0,4.0,8.0,5.0,,4.0,4.1,2019
Texas,Big 12,,,,17.0,,,,,,,,,,,,,,,,,,17.0,17.0,2019
Texas Tech,Big 12,,,,19.0,13.0,10.0,11.0,13.0,11.0,8.0,9.0,13.0,15.0,18.0,15.0,14.0,11.0,8.0,6.0,10.0,,11.0,11.944444444444445,2019
UCF,AAC,,,,,,,,,,,,,,,,,,,,,,,,2019
UCLA,Pac-12,20.0,,17.0,,,,,,,,,,,,,,,,,,,18.5,18.5,2019
UNC,ACC,7.0,,6.0,13.0,12.0,12.0,10.0,14.0,15.0,12.0,15.0,12.0,10.0,8.0,8.0,9.0,5.0,3.0,3.0,4.0,,10.0,9.4,2019
Utah State,MWC,,,,,,,,,,,,,,,,,,,,25.0,,25.0,25.0,2019
Villanova,Big East,8.0,,,23.0,21.0,16.0,,,,,21.0,18.0,14.0,13.0,13.0,16.0,,23.0,25.0,22.0,,18.0,17.928571428571427,2019
Virginia,ACC,5.0,,4.0,4.0,4.0,3.0,3.0,1.0,2.0,1.0,1.0,3.0,3.0,3.0,4.0,3.0,2.0,2.0,2.0,2.0,,3.0,2.75,2019
Virginia Tech,ACC,17.0,,14.0,12.0,14.0,13.0,13.0,10.0,10.0,7.0,7.0,8.0,11.0,10.0,16.0,18.0,19.0,16.0,15.0,15.0,,13.0,12.9,2019
Washington,Pac-12,24.0,,,,,,,,,,,,,,,,25.0,,,,,24.5,24.5,2019
West Virginia,Big 12,13.0,,,,,,,,,,,,,,,,,,,,,13.0,13.0,2019
Wisconsin,Big Ten,,,,22.0,16.0,19.0,17.0,16.0,23.0,,,,23.0,19.0,23.0,23.0,18.0,21.0,19.0,21.0,,20.0,20.0,2019
Wofford,Southern,,,,,,,,,,,,,,,,,25.0,22.0,20.0,19.0,,21.0,21.4,2019
Arizona,Pac-12,17.0,,14.0,14.0,14.0,14.0,17.0,24.0,24.0,24.0,,21.0,,23.0,,21.0,24.0,,,,,21.0,19.428571428571427,2020
Auburn,SEC,23.0,,18.0,17.0,17.0,10.0,9.0,8.0,7.0,5.0,4.0,16.0,16.0,10.0,11.0,12.0,15.0,15.0,17.0,20.0,,15.0,13.25,2020
BYU,WCC,,,,,,,,,,,,,,,,,18.0,15.0,16.0,16.0,,16.0,16.2,2020
Baylor,Big 12,18.0,,23.0,18.0,18.0,11.0,11.0,6.0,4.0,4.0,2.0,2.0,1.0,1.0,1.0,1.0,2.0,4.0,5.0,4.0,,4.0,7.0,2020
Butler,Big East,,,,,,19.0,16.0,11.0,10.0,6.0,5.0,12.0,17.0,19.0,20.0,23.0,,25.0,21.0,21.0,,18.0,16.2,2020
Colorado,Pac-12,,,25.0,24.0,24.0,23.0,,,,,21.0,,21.0,24.0,15.0,17.0,20.0,,,,,22.0,21.454545454545453,2020
Creighton,Big East,,,,,,,,,,,,,,22.0,21.0,15.0,11.0,14.0,9.0,9.0,,14.0,14.375,2020
Dayton,A-10,,,,,,12.0,12.0,18.0,18.0,15.0,11.0,7.0,7.0,6.0,6.0,5.0,3.0,3.0,3.0,3.0,,7.0,8.5,2020
Duke,ACC,4.0,,1.0,1.0,1.0,5.0,3.0,3.0,2.0,2.0,3.0,8.0,8.0,7.0,7.0,6.0,7.0,11.0,10.0,8.0,,5.0,5.1,2020
Florida,SEC,6.0,,,25.0,25.0,,,,,,,,,,,,,,,,,25.0,20.25,2020
Florida State,ACC,,,,,,21.0,19.0,17.0,20.0,10.0,9.0,6.0,6.0,8.0,8.0,8.0,6.0,8.0,4.0,5.0,,8.0,10.1875,2020
Gonzaga,WCC,7.0,,8.0,7.0,7.0,6.0,2.0,1.0,1.0,1.0,1.0,1.0,2.0,2.0,2.0,2.0,4.0,2.0,2.0,2.0,,2.0,3.1,2020
Houston,AAC,,,,,,,,,,,,24.0,20.0,25.0,19.0,22.0,,21.0,24.0,23.0,,22.5,22.27777777777778,2020
Illinois,Big Ten,,,,,,,,,,,,22.0,19.0,21.0,23.0,,,22.0,22.0,22.0,,22.0,21.625,2020
Iowa,Big Ten,,,,,,,,,25.0,,24.0,19.0,18.0,17.0,17.0,20.0,17.0,18.0,25.0,25.0,,19.0,20.33333333333333,2020
Kansas,Big 12,3.0,,5.0,5.0,5.0,3.0,1.0,5.0,3.0,3.0,7.0,3.0,3.0,3.0,3.0,3.0,1.0,1.0,1.0,1.0,,3.0,3.1,2020
Kentucky,SEC,2.0,,10.0,11.0,11.0,9.0,6.0,19.0,14.0,13.0,12.0,14.0,13.0,16.0,12.0,10.0,9.0,6.0,7.0,7.0,,11.0,10.6,2020
LSU,SEC,24.0,,,,,,,,,,,,24.0,18.0,,,,,,,,24.0,22.5,2020
Louisville,ACC,5.0,,2.0,2.0,2.0,1.0,5.0,4.0,8.0,11.0,10.0,5.0,5.0,5.0,5.0,11.0,10.0,10.0,14.0,13.0,,5.0,6.65,2020
Marquette,Big East,,,,,,,,,,,,,,,22.0,19.0,,,,,,20.5,20.5,2020
Maryland,Big Ten,8.0,,7.0,8.0,8.0,4.0,8.0,12.0,15.0,14.0,17.0,17.0,15.0,9.0,9.0,7.0,8.0,9.0,11.0,11.0,,9.0,10.3,2020
Memphis,AAC,15.0,,20.0,20.0,20.0,17.0,13.0,10.0,11.0,22.0,22.0,20.0,,,,,,,,,,20.0,17.5,2020
Michigan,Big Ten,,,,,,7.0,15.0,15.0,13.0,19.0,20.0,,,,,,22.0,,,,,15.0,15.75,2020
Michigan State,Big Ten,1.0,,3.0,3.0,3.0,15.0,18.0,16.0,16.0,8.0,14.0,9.0,14.0,14.0,25.0,25.0,24.0,17.0,12.0,12.0,,14.0,13.15,2020
Ohio State,Big Ten,16.0,,9.0,9.0,9.0,2.0,4.0,2.0,5.0,12.0,19.0,,,,,24.0,23.0,19.0,20.0,18.0,,12.0,12.6875,2020
Oregon,Pac-12,14.0,,11.0,10.0,10.0,13.0,10.0,7.0,6.0,9.0,8.0,13.0,12.0,15.0,18.0,16.0,16.0,13.0,13.0,14.0,,13.0,12.05,2020
Penn State,Big Ten,,,,,,,24.0,21.0,21.0,20.0,,,23.0,20.0,13.0,9.0,14.0,20.0,,,,20.0,18.63636363636364,2020
Purdue,Big Ten,22.0,,,,,,,,,,,,,,,,,,,,,22.0,22.0,2020
Rutgers,Big Ten,,,,,,,,,,,,25.0,25.0,,,,,,,,,25.0,25.0,2020
Saint Mary's,WCC,20.0,,,,,,,,,,,,,,,,,,,,,20.0,20.0,2020
San Diego State,MWC,,,,,,24.0,20.0,14.0,12.0,7.0,6.0,4.0,4.0,4.0,4.0,4.0,5.0,5.0,6.0,6.0,,6.0,8.1875,2020
Seton Hall,Big East,13.0,,13.0,13.0,13.0,22.0,,,,25.0,18.0,10.0,9.0,13.0,10.0,14.0,13.0,7.0,15.0,15.0,,13.0,13.882352941176473,2020
Stanford,Pac-12,,,,,,,,,,,25.0,,,,,,,,,,,25.0,25.0,2020
Tennessee,SEC,25.0,,17.0,16.0,16.0,17.0,21.0,,,,,,,,,,,,,,,17.0,18.428571428571427,2020
Texas,Big 12,,,22.0,,,,,,,,,,,,,,,,,,,22.0,22.0,2020
Texas Tech,Big 12,12.0,,12.0,12.0,12.0,,25.0,22.0,22.0,21.0,23.0,18.0,,,24.0,,21.0,,,,,21.0,18.846153846153847,2020
UNC,ACC,11.0,,4.0,4.0,4.0,16.0,23.0,,,,,,,,,,,,,,,7.5,9.928571428571429,2020
Utah State,MWC,19.0,,16.0,15.0,15.0,,,,,,,,,,,,,,,,,15.5,16.1,2020
VCU,A-10,,,19.0,19.0,19.0,,25.0,,,,,,,,,,,,,,,19.0,20.2,2020
Villanova,Big East,10.0,,15.0,21.0,21.0,20.0,14.0,9.0,9.0,16.0,15.0,11.0,10.0,12.0,16.0,13.0,12.0,12.0,8.0,9.0,,12.0,13.25,2020
Virginia,ACC,9.0,,6.0,6.0,6.0,8.0,7.0,13.0,19.0,18.0,,,,,,,,22.0,18.0,17.0,,11.0,12.307692307692308,2020
Washington,Pac-12,,,24.0,22.0,22.0,25.0,22.0,20.0,,,,,,,,,,,,,,22.0,22.428571428571427,2020
West Virginia,Big 12,,,,,,,,23.0,17.0,17.0,13.0,15.0,11.0,11.0,14.0,18.0,19.0,,23.0,24.0,,17.0,17.076923076923077,2020
Wichita State,AAC,,,,,,,,25.0,23.0,23.0,16.0,22.0,22.0,,,,,,,,,22.5,21.928571428571427,2020
Wisconsin,Big Ten,,,,,,,,,,,,,,,,,,24.0,19.0,19.0,,19.0,20.25,2020
Xavier,Big East,21.0,,21.0,23.0,23.0,,,,,,,,,,,,,,,,,22.0,22.0,2020
Alabama,SEC,25.0,,,,,,,24.0,16.0,8.0,7.0,11.0,9.0,7.0,5.0,5.0,5.0,5.0,,,,7.5,10.346153846153848,2021
Arizona State,Pac-12,17.0,,23.0,,,,,,,,,,,,,,,,,,,20.0,20.0,2021
Arkansas,SEC,,,,,,,,,,,,,,20.0,13.0,8.0,10.0,6.0,,,,10.0,11.166666666666666,2021
BYU,WCC,,,,,,,,,,,,,,,,,,,,,,,,2021
Baylor,Big 12,1.0,,2.0,2.0,2.0,2.0,2.0,2.0,2.0,2.0,2.0,2.0,2.0,2.0,3.0,2.0,3.0,1.0,,,,2.0,2.0,2021
Clemson,ACC,,,,,,,18.0,12.0,22.0,,,,,,,,,,,,,18.0,17.5,2021
Colorado,Pac-12,,,,,,,,,23.0,,,,,,,,22.0,23.0,,,,23.0,22.75,2021
Creighton,Big East,11.0,,7.0,9.0,13.0,10.0,5.0,6.0,11.0,14.0,12.0,17.0,12.0,11.0,12.0,17.0,19.0,14.0,,,,12.0,11.77777777777778,2021
Drake,MVC,,,,,,,,,,,25.0,,,,,,,,,,,25.0,25.0,2021
Duke,ACC,8.0,,11.0,23.0,25.0,,24.0,23.0,,,,,,,,,,,,,,23.0,19.571428571428573,2021
Florida,SEC,,,25.0,,,,,,,,23.0,,,,,,,,,,,24.0,24.0,2021
Florida State,ACC,18.0,,21.0,15.0,21.0,19.0,22.0,,25.0,16.0,19.0,19.0,16.0,9.0,11.0,13.0,14.0,10.0,,,,17.0,16.764705882352942,2021
Gonzaga,WCC,2.0,,1.0,1.0,1.0,1.0,1.0,1.0,1.0,1.0,1.0,1.0,1.0,1.0,1.0,1.0,1.0,2.0,,,,1.0,1.1111111111111112,2021
Houston,AAC,18.0,,8.0,8.0,7.0,5.0,11.0,11.0,8.0,6.0,5.0,7.0,5.0,10.0,7.0,7.0,6.0,3.0,,,,7.0,7.722222222222222,2021
Illinois,Big Ten,10.0,,9.0,13.0,18.0,16.0,12.0,13.0,24.0,22.0,13.0,6.0,5.0,4.0,4.0,3.0,2.0,8.0,,,,10.0,10.666666666666666,2021
Iowa,Big Ten,6.0,,3.0,3.0,5.0,11.0,7.0,8.0,4.0,7.0,8.0,16.0,14.0,12.0,8.0,6.0,8.0,13.0,,,,8.0,8.166666666666666,2021
Kansas,Big 12,5.0,,5.0,5.0,4.0,4.0,6.0,7.0,9.0,18.0,22.0,,24.0,19.0,14.0,12.0,11.0,16.0,,,,10.0,11.235294117647058,2021
Kentucky,SEC,9.0,,,,,,,,,,,,,,,,,,,,,9.0,9.0,2021
Louisville,ACC,,,24.0,22.0,,,25.0,18.0,,23.0,,,,,,,,,,,,23.0,22.5,2021
Loyola (IL),MVC,,,,,,,,,,,,23.0,23.0,22.0,22.0,18.0,16.0,12.0,,,,22.0,19.75,2021
Michigan,Big Ten,,,,24.0,19.0,15.0,9.0,5.0,7.0,4.0,4.0,3.0,3.0,3.0,2.0,4.0,4.0,4.0,,,,4.0,7.125,2021
Michigan State,Big Ten,12.0,,4.0,4.0,11.0,18.0,,,,,,,,,,,,,,,,11.0,10.0,2021
Minnesota,Big Ten,,,,,,24.0,17.0,19.0,17.0,20.0,,,,,,,,,,,,19.0,19.33333333333333,2021
Missouri,SEC,,,,18.0,14.0,12.0,13.0,16.0,19.0,12.0,17.0,10.0,19.0,,,,,,,,,15.0,15.0,2021
Northwestern,Big Ten,,,,,,22.0,,,,,,,,,,,,,,,,22.0,22.0,2021
Ohio State,Big Ten,24.0,,20.0,19.0,20.0,20.0,,,18.0,15.0,9.0,5.0,4.0,5.0,10.0,10.0,7.0,15.0,,,,15.0,13.5,2021
Oklahoma,Big 12,,,,,,,,,,,14.0,12.0,10.0,8.0,15.0,24.0,,,,,,13.0,13.714285714285714,2021
Oklahoma State,Big 12,,,,,,,,,,,24.0,22.0,22.0,21.0,17.0,14.0,12.0,19.0,,,,20.0,19.0,2021
Oregon,Pac-12,20.0,,,,24.0,17.0,15.0,17.0,21.0,25.0,,,25.0,23.0,25.0,25.0,25.0,17.0,,,,23.0,21.571428571428573,2021
Oregon State,Pac-12,,,,,,,,,,,,,,,,,,20.0,,,,20.0,20.0,2021
Purdue,Big Ten,,,,,,,,,,,,25.0,,,23.0,19.0,20.0,,,,,21.5,21.7,2021
Richmond,A-10,,,19.0,25.0,23.0,,,,,,,,,,,,,,,,,23.0,22.5,2021
Rutgers,Big Ten,23.0,,22.0,17.0,12.0,13.0,14.0,,,,,,,,,,,,,,,15.5,16.642857142857142,2021
Saint Louis,A-10,,,,,,,23.0,24.0,,24.0,,,,,,,,,,,,24.0,23.75,2021
San Diego State,MWC,,,,20.0,,23.0,,,,,,,,25.0,21.0,19.0,18.0,,,,,20.5,20.928571428571427,2021
Syracuse,ACC,,,,,,,,,,,,,,,,,,25.0,,,,25.0,25.0,2021
Tennessee,SEC,14.0,,16.0,10.0,8.0,6.0,8.0,10.0,6.0,17.0,10.0,15.0,20.0,,,,,,,,,10.0,11.538461538461538,2021
Texas,Big 12,22.0,,12.0,11.0,10.0,9.0,4.0,4.0,5.0,5.0,6.0,13.0,13.0,16.0,16.0,16.0,9.0,21.0,,,,11.0,11.27777777777778,2021
Texas Tech,Big 12,13.0,,17.0,14.0,16.0,14.0,19.0,15.0,13.0,10.0,11.0,8.0,11.0,17.0,18.0,22.0,21.0,22.0,,,,15.0,15.333333333333334,2021
UCLA,Pac-12,21.0,,,,,,,21.0,20.0,21.0,21.0,24.0,,,,,,7.0,,,,21.0,19.5,2021
UConn,Big East,,,,,,,,,,,,,,,,,,,,,,,,2021
UNC,ACC,16.0,,14.0,21.0,17.0,,,,,,,,,,,,,,,,,16.5,16.9,2021
USC,Pac-12,,,,,,,,,,,,20.0,18.0,18.0,24.0,23.0,23.0,9.0,,,,20.0,19.375,2021
Villanova,Big East,3.0,,6.0,6.0,3.0,3.0,3.0,3.0,3.0,3.0,3.0,4.0,7.0,6.0,9.0,11.0,17.0,11.0,,,,4.0,5.833333333333333,2021
Virginia,ACC,4.0,,18.0,16.0,15.0,24.0,21.0,22.0,12.0,8.0,15.0,9.0,8.0,14.0,20.0,15.0,15.0,24.0,,,,15.0,15.27777777777778,2021
Virginia Tech,ACC,,,15.0,,,,20.0,20.0,14.0,19.0,16.0,17.0,17.0,15.0,19.0,21.0,24.0,,,,,18.0,18.07692307692308,2021
West Virginia,Big 12,15.0,,10.0,7.0,6.0,8.0,16.0,14.0,15.0,11.0,18.0,14.0,15.0,13.0,5.0,9.0,13.0,18.0,,,,13.0,12.22222222222222,2021
Wisconsin,Big Ten,7.0,,13.0,12.0,9.0,7.0,10.0,9.0,10.0,13.0,20.0,21.0,21.0,24.0,,,,,,,,12.0,13.428571428571429,2021
Xavier,Big East,,,,,22.0,20.0,,,,,,,,,,,,,,,,21.0,21.0,2021
Alabama,SEC,13.0,,9.0,16.0,9.0,8.0,11.0,19.0,20.0,25.0,,,,,,25.0,24.0,,,,,16.0,16.25,2022
Arizona,Pac-12,,,19.0,11.0,8.0,6.0,4.0,7.0,7.0,6.0,3.0,3.0,5.0,5.0,4.0,2.0,3.0,2.0,2.0,,,5.0,5.666666666666667,2022
Arkansas,SEC,15.0,,12.0,9.0,10.0,19.0,,,,,,,,,24.0,18.0,15.0,16.0,18.0,,,15.5,15.590909090909092,2022
Auburn,SEC,22.0,,22.0,20.0,21.0,14.0,12.0,11.0,9.0,4.0,2.0,2.0,1.0,2.0,2.0,4.0,5.0,4.0,7.0,,,6.0,8.947368421052632,2022
BYU,WCC,,,18.0,13.0,23.0,,,,,,,,,,,,,,,,,18.0,18.0,2022
Baylor,Big 12,8.0,,5.0,4.0,2.0,1.0,1.0,1.0,1.0,1.0,6.0,4.0,8.0,10.0,8.0,11.0,4.0,3.0,4.0,,,4.0,4.526315789473684,2022
Boise State,MWC,,,,,,,,,,,,,,,,,,,23.0,,,23.0,23.0,2022
Colorado State,MWC,,,,,,23.0,21.0,20.0,19.0,,23.0,22.0,,,,,,24.0,,,,22.0,21.75,2022
Davidson,A-10,,,,,,,,,,,,,,,,,,,,,,,,2022
Duke,ACC,9.0,,6.0,1.0,3.0,2.0,2.0,2.0,2.0,8.0,5.0,7.0,6.0,6.0,5.0,6.0,2.0,7.0,10.0,,,5.5,4.973684210526316,2022
Florida,SEC,,,24.0,12.0,16.0,,,,,,,,,,,,,,,,,16.0,17.0,2022
Florida State,ACC,19.0,,,,,,,,,,,,,,,,,,,,,19.0,19.0,2022
Gonzaga,WCC,1.0,,1.0,3.0,5.0,4.0,4.0,4.0,4.0,2.0,1.0,1.0,1.0,1.0,1.0,1.0,1.0,1.0,1.0,,,1.0,2.0,2022
Houston,AAC,14.0,,11.0,14.0,13.0,13.0,14.0,14.0,14.0,11.0,10.0,9.0,9.0,7.0,15.0,15.0,14.0,18.0,15.0,,,14.0,12.842105263157896,2022
Illinois,Big Ten,10.0,,15.0,,,,,,,24.0,17.0,21.0,18.0,13.0,12.0,14.0,17.0,15.0,16.0,,,15.5,15.961538461538462,2022
Iowa,Big Ten,,,,,,,,,,,,,,,,,25.0,23.0,19.0,,,23.0,22.5,2022
Iowa State,Big 12,,,,23.0,19.0,11.0,8.0,8.0,11.0,16.0,14.0,24.0,22.0,,,,,,,,,15.0,15.545454545454543,2022
Kansas,Big 12,3.0,,3.0,7.0,7.0,7.0,7.0,6.0,6.0,10.0,7.0,5.0,10.0,8.0,6.0,5.0,7.0,6.0,3.0,,,6.5,6.289473684210527,2022
Kentucky,SEC,11.0,,13.0,10.0,12.0,21.0,18.0,17.0,13.0,17.0,12.0,13.0,7.0,4.0,3.0,3.0,6.0,5.0,6.0,,,11.5,10.657894736842104,2022
LSU,SEC,,,,,24.0,20.0,16.0,16.0,21.0,12.0,16.0,18.0,25.0,,,,,,,,,18.0,18.6,2022
Loyola (IL),MVC,,,,,,,,,,,24.0,,,,,,,,,,,24.0,24.0,2022
Marquette,Big East,,,,,,,,,,,,,24.0,19.0,23.0,,,,,,,23.0,22.25,2022
Maryland,Big Ten,21.0,,,,,,,,,,,,,,,,,,,,,21.0,21.0,2022
Memphis,AAC,16.0,,10.0,19.0,,,,,,,,,,,,,,,,,,16.0,15.25,2022
Michigan,Big Ten,6.0,,13.0,24.0,,,,,,,,,,,,,,,,,,13.0,14.0,2022
Michigan State,Big Ten,,,,22.0,20.0,12.0,10.0,10.0,10.0,9.0,13.0,10.0,13.0,17.0,19.0,24.0,25.0,,,,,13.0,15.133333333333333,2022
Murray State,OVC,,,,,,,,,,,,,,24.0,21.0,21.0,22.0,19.0,20.0,,,21.0,21.142857142857142,2022
Ohio State,Big Ten,17.0,,,,22.0,15.0,13.0,12.0,12.0,15.0,18.0,16.0,16.0,16.0,18.0,19.0,23.0,25.0,,,,16.0,17.0625,2022
Oregon,Pac-12,12.0,,23.0,,,,,,,,,,,,,,,,,,,17.5,17.5,2022
Providence,Big East,,,,,,,23.0,21.0,17.0,20.0,21.0,17.0,15.0,11.0,9.0,10.0,8.0,10.0,13.0,,,15.0,15.0,2022
Purdue,Big Ten,7.0,,4.0,2.0,1.0,4.0,3.0,3.0,3.0,5.0,4.0,6.0,3.0,3.0,7.0,7.0,9.0,9.0,9.0,,,4.0,4.894736842105263,2022
Saint Mary's,WCC,,,,,,,,,,,,,,22.0,,23.0,20.0,17.0,16.0,,,20.0,19.666666666666668,2022
Seton Hall,Big East,,,20.0,,25.0,16.0,15.0,13.0,22.0,18.0,,,,,,,,,,,,18.0,18.375,2022
St. Bonaventure,A-10,24.0,,16.0,25.0,,,,,,,,,,,,,,,,,,24.0,22.25,2022
Tennessee,SEC,17.0,,17.0,15.0,14.0,18.0,19.0,15.0,18.0,23.0,25.0,20.0,20.0,18.0,13.0,17.0,13.0,11.0,8.0,,,17.0,16.736842105263158,2022
Texas,Big 12,5.0,,8.0,8.0,11.0,17.0,17.0,18.0,16.0,22.0,22.0,25.0,21.0,20.0,20.0,22.0,21.0,22.0,25.0,,,20.0,17.894736842105264,2022
Texas Tech,Big 12,,,,,,24.0,25.0,25.0,25.0,19.0,19.0,14.0,14.0,9.0,11.0,9.0,12.0,14.0,11.0,,,14.0,16.333333333333332,2022
UCLA,Pac-12,2.0,,2.0,5.0,4.0,3.0,6.0,5.0,5.0,3.0,9.0,8.0,4.0,12.0,14.0,13.0,18.0,13.0,12.0,,,5.5,7.552631578947368,2022
UConn,Big East,23.0,,21.0,17.0,18.0,22.0,,,,,25.0,19.0,17.0,23.0,24.0,20.0,19.0,20.0,21.0,,,20.5,20.633333333333333,2022
UNC,ACC,20.0,,,,,,,,,,,,,,,,,,,,,20.0,20.0,2022
USC,Pac-12,,,25.0,18.0,15.0,9.0,9.0,9.0,8.0,7.0,15.0,15.0,19.0,21.0,17.0,16.0,16.0,21.0,22.0,,,16.0,15.444444444444445,2022
Villanova,Big East,4.0,,7.0,6.0,6.0,10.0,22.0,22.0,15.0,14.0,11.0,12.0,12.0,15.0,10.0,8.0,11.0,8.0,5.0,,,10.5,10.973684210526317,2022
Virginia,ACC,25.0,,,,,,,,,,,,,,,,,,,,,25.0,25.0,2022
Virginia Tech,ACC,,,,,,,,,,,,,,,,,,,24.0,,,24.0,24.0,2022
Wake Forest,ACC,,,,,,,,,,,,,,25.0,,,,,,,,25.0,25.0,2022
Wisconsin,Big Ten,,,,21.0,17.0,,24.0,23.0,23.0,13.0,8.0,11.0,11.0,14.0,16.0,12.0,10.0,12.0,14.0,,,14.0,15.1875,2022
Wyoming,MWC,,,,,,,,,,,,,,,22.0,,,,,,,22.0,22.0,2022
Xavier,Big East,,,,,,25.0,20.0,24.0,24.0,21.0,20.0,23.0,23.0,,,,,,,,,23.0,22.55555555555556,2022
